Model,Accuracy,Precision,Recall,F1-score,ROC-AUC
Logistic Regression,0.8031272210376688,0.6465256797583081,0.5721925133689839,0.6070921985815603,0.8362603599919243
SVM,0.798862828713575,0.6408668730650154,0.553475935828877,0.593974175035868,0.8273149178706949
Random Forest,0.7953091684434968,0.6791666666666667,0.4358288770053476,0.5309446254071661,0.836929456284846
Decision Tree,0.775408670931059,0.597972972972973,0.4732620320855615,0.5283582089552239,0.8163803055324039
Naive Bayes,0.6496090973702914,0.42242503259452413,0.8663101604278075,0.567922874671341,0.8126336251300661
