Model,Accuracy,Precision,Recall,F1-score,ROC-AUC
Logistic Regression,0.8031272210376688,0.6456456456456456,0.5748663101604278,0.6082036775106082,0.8362914205548451
Random Forest,0.7874911158493249,0.6221498371335505,0.5106951871657754,0.5609397944199707,0.8170726972475164
SVM,0.7867803837953091,0.6258503401360545,0.4919786096256685,0.5508982035928144,0.7908524053817603
Decision Tree,0.7185501066098081,0.4701086956521739,0.4625668449197861,0.46630727762803237,0.636638004669438
Naive Bayes,0.6439232409381663,0.4178525226390686,0.8636363636363636,0.5632083696599826,0.8105007998094952
